Trip ID,Traveller Name,Departure Date,Return Date,Departure City,Arrival City,favorite_categories
1,Anderson Hudson,08/11/2024,13/11/2024,Barcelona,Paris,"pasta, barbaque, tapes"
2,Zane Osborne,13/08/2024,16/08/2024,Rome,Amsterdam,"portuguese, barbaque"
3,Adrianna Price,01/11/2024,10/11/2024,Paris,Munich,"spanish, tapes"
4,Regan Solis,09/05/2024,23/05/2024,Barcelona,London,"italian, european, tapes"
5,Charlotte Shepherd,04/09/2024,15/09/2024,Prague,Madrid,portuguese
6,Paula Hays,04/02/2024,10/02/2024,Amsterdam,Florence,"vegan, sushi, pizza"
7,Aliza Mullins,07/09/2024,20/09/2024,Barcelona,Vienna,spanish
8,Elisabeth Holland,11/01/2024,14/01/2024,Berlin,Lisbon,japanese
9,Dante Kline,21/10/2024,03/11/2024,London,Budapest,"latin, spanish, vegan"
10,Anika Mccoy,09/06/2024,23/06/2024,Brussels,Barcelona,"asian, latin"
11,Simeon Mercer,04/07/2024,07/07/2024,Dublin,Rome,japanese
12,Tessa Wilkerson,17/10/2024,25/10/2024,Madrid,Zurich,sushi
13,Augustus Landry,18/05/2024,31/05/2024,London,Prague,spanish
14,Parker Robertson,04/10/2024,14/10/2024,Paris,Berlin,latin
15,Mohamed Owens,19/06/2024,24/06/2024,Barcelona,Amsterdam,"mexican, pasta, tapes"
16,Daisy Kirk,02/04/2024,13/04/2024,Vienna,London,"european, japanese, spanish"
17,August Mcgrath,11/08/2024,18/08/2024,Munich,Barcelona,"european, barbaque, pasta"
18,Abram Moreno,16/06/2024,29/06/2024,Milan,Dublin,"latin, japanese, france"
19,Danica Randolph,24/12/2024,01/01/2025,Barcelona,Paris,"latin, vegan"
20,Jada West,05/09/2024,19/09/2024,Zurich,Barcelona,"european, austriac"
21,Isabela Hoffman,09/11/2024,18/11/2024,London,Lisbon,spanish
22,Violet Wade,06/01/2024,20/01/2024,Budapest,London,"spanish, italian, portuguese"
23,Alec Fox,16/06/2024,19/06/2024,Florence,Barcelona,vegan
24,Levi Todd,30/01/2024,08/02/2024,Amsterdam,Vienna,"barbaque, latin, sushi"
25,Rhys Jacobs,29/04/2024,02/05/2024,Barcelona,Munich,"spanish, latin"
26,Peter Alexander,02/02/2024,09/02/2024,Prague,Barcelona,"sushi, italian"
27,Dominik House,30/11/2024,06/12/2024,Lisbon,Berlin,"portuguese, mexican, mediterranean"
28,Larry Osborn,21/03/2024,04/04/2024,Vienna,Barcelona,"vegan, barbaque, mediterranean"
29,Trinity Mcconnell,28/04/2024,07/05/2024,London,Madrid,"japanese, barbaque, sushi"
30,Aydin Whitney,21/06/2024,01/07/2024,Barcelona,Budapest,"portuguese, latin, austriac"
31,Maren Kline,16/07/2024,22/07/2024,Rome,London,italian
32,Todd Lloyd,20/02/2024,01/03/2024,Berlin,Barcelona,"mexican, mediterranean"
33,Craig Parrish,06/10/2024,11/10/2024,Barcelona,Prague,"austriac, mediterranean, spanish"
34,Miriam Sanchez,04/10/2024,13/10/2024,Paris,Milan,"mediterranean, sushi, barbaque"
35,Anabel Schneider,03/06/2024,14/06/2024,Madrid,Barcelona,"latin, asian, sushi"
36,Mitchell Durham,18/12/2024,28/12/2024,Dublin,Amsterdam,"japanese, sushi"
37,Hazel Mathews,08/04/2024,15/04/2024,Barcelona,London,"barbaque, pizza, japanese"
38,Allyson Pineda,29/12/2024,01/01/2025,Brussels,Madrid,"japanese, sushi, european"
39,Veronica Shaw,19/08/2024,23/08/2024,Zurich,Barcelona,"vegan, european, france"
40,Mariah Ellison,10/05/2024,21/05/2024,Barcelona,Lisbon,"latin, mediterranean"
41,Raquel Hays,03/03/2024,06/03/2024,Budapest,Madrid,"pasta, asian, tapes"
42,Neil Foster,09/07/2024,21/07/2024,Florence,London,"japanese, italian"
43,Alaina Burke,16/03/2024,20/03/2024,Amsterdam,Barcelona,france
44,Kenyon Davies,23/09/2024,03/10/2024,Munich,Paris,"tapes, austriac, vegan"
45,Fernando Savage,29/03/2024,04/04/2024,Lisbon,London,"asian, mexican, france"
46,Willow Andrews,23/03/2024,28/03/2024,Vienna,Barcelona,"vegan, asian, sushi"
47,Justine Schmitt,18/08/2024,25/08/2024,London,Vienna,vegan
48,Kristopher Arellano,10/07/2024,18/07/2024,Milan,Madrid,"mexican, france, pasta"
49,Carla Cain,19/02/2024,02/03/2024,Barcelona,Zurich,"mexican, portuguese"
50,Savion Prince,06/11/2024,12/11/2024,Berlin,Paris,"spanish, portuguese"
51,Bryanna Logan,18/09/2024,27/09/2024,London,Budapest,mediterranean
52,Alexis Weber,03/04/2024,13/04/2024,Barcelona,Florence,"mexican, pizza"
53,Lamar Strickland,30/01/2024,03/02/2024,Prague,London,"sushi, france"
54,Kaylynn Webb,05/08/2024,09/08/2024,Paris,London,"pasta, pizza"
55,Miles Garrett,07/01/2024,20/01/2024,Madrid,Brussels,pizza
56,Naomi Sherman,08/08/2024,16/08/2024,Amsterdam,Dublin,latin
57,Anabelle Sharp,29/07/2024,04/08/2024,Lisbon,Barcelona,"portuguese, barbaque"
58,Arianna Sandoval,27/04/2024,30/04/2024,Vienna,London,"portuguese, mexican"
59,Nathen Garrett,17/03/2024,21/03/2024,London,Munich,"spanish, japanese, vegan"
60,Miracle Browning,09/11/2024,23/11/2024,Barcelona,Milan,"austriac, japanese, portuguese"
61,Carlos Santana,10/06/2024,13/06/2024,Brussels,Paris,"vegan, austriac, tapes"
62,Camille Delgado,02/09/2024,15/09/2024,Dublin,Barcelona,"pasta, japanese, tapes"
63,Sharon Gould,28/02/2024,06/03/2024,Barcelona,Brussels,"sushi, pizza, japanese"
64,Rowan Daniel,26/04/2024,30/04/2024,Zurich,Paris,"sushi, european"
65,Carlos Pena,21/11/2024,05/12/2024,Barcelona,Dublin,"italian, asian, austriac"
66,Lila Wyatt,06/03/2024,10/03/2024,Vienna,Milan,"latin, austriac"
67,Daniela Donaldson,02/11/2024,16/11/2024,Milan,Barcelona,"austriac, japanese, pasta"
68,Milagros Pearson,28/07/2024,03/08/2024,Prague,Amsterdam,italian
69,Myla Paul,25/11/2024,03/12/2024,Lisbon,Madrid,sushi
70,Milo Wilkins,24/12/2024,28/12/2024,Madrid,Milan,"barbaque, austriac"
71,Deven Duarte,03/07/2024,07/07/2024,London,Rome,pasta
72,Jaidyn Hutchinson,13/08/2024,23/08/2024,Barcelona,London,"portuguese, japanese, mediterranean"
73,Leilani Bond,05/08/2024,15/08/2024,Paris,Budapest,"japanese, austriac, vegan"
74,Francis Rowland,27/12/2024,09/01/2025,Amsterdam,Barcelona,"japanese, barbaque"
75,Holly Stafford,13/02/2024,17/02/2024,Munich,London,"european, tapes"
76,Layne Gomez,27/08/2024,08/09/2024,Barcelona,Prague,mexican
77,Amina Bauer,30/12/2024,08/01/2025,Brussels,Lisbon,france
78,Maddison Curtis,11/08/2024,20/08/2024,Dublin,Berlin,"mexican, vegan, mediterranean"
79,Wyatt Travis,06/04/2024,16/04/2024,Vienna,Barcelona,"mediterranean, european"
80,Dean Griffin,02/12/2024,13/12/2024,London,Vienna,"sushi, asian, barbaque"
81,Sergio Le,20/12/2024,26/12/2024,Milan,Paris,"mexican, tapes, japanese"
82,Adison Nicholson,01/11/2024,05/11/2024,Madrid,Zurich,tapes
83,Cordell Kramer,21/06/2024,05/07/2024,Barcelona,Amsterdam,tapes
84,Adrien Shea,26/05/2024,31/05/2024,Paris,Munich,"mexican, italian"
85,Santino Mcintosh,17/12/2024,30/12/2024,Barcelona,Lisbon,portuguese
86,Lilian Gould,24/03/2024,29/03/2024,Budapest,London,european
87,Aria Kelley,30/03/2024,04/04/2024,Florence,Barcelona,"european, japanese, portuguese"
88,Cecelia Craig,07/05/2024,21/05/2024,Amsterdam,Vienna,tapes
89,Jamie Bird,04/08/2024,17/08/2024,Barcelona,Munich,"mediterranean, japanese"
90,Geovanni Murphy,11/11/2024,23/11/2024,Prague,Barcelona,"sushi, mexican"
91,Lilly Marshall,21/08/2024,26/08/2024,Lisbon,Berlin,"pasta, european"
92,Raina Calhoun,11/08/2024,20/08/2024,Vienna,Barcelona,vegan
93,Nicholas Bates,21/01/2024,30/01/2024,London,Madrid,"tapes, mediterranean, france"
94,Haley Spears,24/04/2024,08/05/2024,Barcelona,Budapest,vegan
95,Nathen Contreras,25/11/2024,29/11/2024,Rome,London,european
96,Nadia Ryan,25/04/2024,02/05/2024,Berlin,Barcelona,barbaque
97,Katrina Dunlap,09/10/2024,18/10/2024,Barcelona,Prague,"asian, pizza"
98,Landyn Jarvis,01/01/2024,13/01/2024,Paris,Milan,"italian, latin, france"
99,Heaven Mosley,24/02/2024,09/03/2024,Madrid,Barcelona,"italian, austriac, mexican"
100,Garrett Perez,24/03/2024,30/03/2024,Dublin,Amsterdam,tapes
101,Fernanda Kemp,11/09/2024,16/09/2024,Barcelona,London,"austriac, pizza, france"
102,Ada Oconnell,02/10/2024,16/10/2024,Brussels,Madrid,mexican
103,Phoenix Norris,29/10/2024,03/11/2024,Zurich,Barcelona,italian
104,Santino Goodman,17/02/2024,02/03/2024,Barcelona,Lisbon,"pizza, tapes, pasta"
105,Valeria Bailey,28/03/2024,04/04/2024,Budapest,Madrid,latin
106,Payton English,31/03/2024,03/04/2024,Florence,London,"pasta, italian, asian"
107,Gabriela Gill,24/03/2024,04/04/2024,Amsterdam,Barcelona,"european, latin"
108,Joel Hoffman,24/11/2024,07/12/2024,Munich,Paris,"vegan, tapes, mexican"
109,Karina Harmon,29/10/2024,04/11/2024,Lisbon,London,"france, mediterranean"
110,Leslie Rice,15/02/2024,19/02/2024,Vienna,Barcelona,vegan
111,Felicity Barr,13/03/2024,21/03/2024,London,Vienna,"italian, austriac"
112,Tatum Mcfarland,25/07/2024,28/07/2024,Milan,Madrid,"france, italian"
113,Karen Logan,18/08/2024,21/08/2024,Barcelona,Zurich,barbaque
114,Diana Perez,09/11/2024,20/11/2024,Berlin,Paris,pasta
115,Yusuf Santana,18/09/2024,22/09/2024,London,Budapest,"mediterranean, pizza, italian"
116,Baron Steele,25/07/2024,08/08/2024,Barcelona,Florence,"portuguese, pizza, france"
117,Brian Escobar,27/03/2024,07/04/2024,Prague,London,european
118,Abby Cantu,02/04/2024,08/04/2024,Paris,London,"italian, japanese, tapes"
119,Vanessa Vazquez,04/12/2024,13/12/2024,Madrid,Brussels,"pasta, spanish"
120,Chace Macdonald,06/07/2024,20/07/2024,Amsterdam,Dublin,"spanish, mediterranean, european"
121,Jakobe Dennis,02/08/2024,15/08/2024,Lisbon,Barcelona,"italian, european, asian"
122,Tamara Lutz,23/03/2024,02/04/2024,Vienna,London,"pizza, austriac"
123,Mallory Rowland,10/12/2024,14/12/2024,London,Munich,"austriac, european, pasta"
124,Abdullah Hunter,21/04/2024,02/05/2024,Barcelona,Milan,"barbaque, pasta, sushi"
125,Yair Morales,18/09/2024,23/09/2024,Brussels,Paris,"barbaque, mexican"
126,Sean George,28/11/2024,09/12/2024,Dublin,Barcelona,"mexican, spanish, european"
127,Caitlin Summers,08/07/2024,19/07/2024,Barcelona,Brussels,"pizza, vegan"
128,Kailee Rhodes,22/02/2024,03/03/2024,Zurich,Paris,mediterranean
129,Mohammad Ortiz,24/07/2024,07/08/2024,Barcelona,Dublin,"latin, asian, france"
130,Diego Irwin,07/06/2024,13/06/2024,Vienna,Milan,"spanish, france, sushi"
131,Charity Marquez,26/08/2024,09/09/2024,Milan,Barcelona,asian
132,Reese Baker,23/12/2024,03/01/2025,Prague,Amsterdam,sushi
133,Kiara Reilly,26/04/2024,10/05/2024,Lisbon,Madrid,"pasta, tapes"
134,Jackson Roman,29/09/2024,04/10/2024,Madrid,Milan,"japanese, sushi, pizza"
135,Katelynn Kline,28/11/2024,10/12/2024,London,Rome,austriac
136,Landen Hickman,04/04/2024,13/04/2024,Barcelona,London,"japanese, mediterranean"
137,Grayson Gross,14/08/2024,25/08/2024,Paris,Budapest,"france, italian, vegan"
138,Kianna Mcfarland,24/08/2024,02/09/2024,Amsterdam,Barcelona,"mexican, japanese"
139,Marina Chapman,10/05/2024,17/05/2024,Munich,London,latin
140,Lewis Woodward,22/06/2024,25/06/2024,Barcelona,Prague,latin
141,Claudia Steele,09/02/2024,19/02/2024,Brussels,Lisbon,"france, austriac, sushi"
142,Alfonso Ali,19/10/2024,22/10/2024,Dublin,Berlin,mediterranean
143,Jakayla Flores,02/10/2024,11/10/2024,Vienna,Barcelona,"spanish, barbaque"
144,Abagail Ford,08/09/2024,19/09/2024,London,Vienna,"barbaque, latin, japanese"
145,Ariella Meza,22/10/2024,31/10/2024,Milan,Paris,"pasta, france, austriac"
146,Kamden Lucero,18/11/2024,24/11/2024,Madrid,Zurich,latin
147,Hadassah Austin,07/10/2024,18/10/2024,Barcelona,Amsterdam,"austriac, asian"
148,Brycen Fry,07/08/2024,10/08/2024,Paris,Munich,pizza
149,Jose Brewer,05/02/2024,15/02/2024,Barcelona,Lisbon,"latin, tapes"
150,Kai Humphrey,05/03/2024,13/03/2024,Budapest,London,"european, pizza"
151,Cynthia Baxter,08/12/2024,16/12/2024,Florence,Barcelona,"mediterranean, sushi, austriac"
152,Gia Wong,15/12/2024,28/12/2024,Amsterdam,Vienna,"france, european"
153,Riley Benitez,29/11/2024,03/12/2024,Barcelona,Munich,"italian, tapes, austriac"
154,Antonio Jefferson,30/10/2024,04/11/2024,Prague,Barcelona,"sushi, tapes, latin"
155,Jamison Levine,17/02/2024,23/02/2024,Lisbon,Berlin,"france, spanish"
156,Johnathan Burch,11/11/2024,15/11/2024,Vienna,Barcelona,"barbaque, mexican, vegan"
157,Killian Harrington,05/05/2024,10/05/2024,London,Munich,mexican
158,Tristen Castaneda,08/10/2024,21/10/2024,Barcelona,Milan,"mexican, france, barbaque"
159,Teagan Daniels,30/04/2024,13/05/2024,Brussels,Paris,mediterranean
160,Atticus Lutz,05/08/2024,11/08/2024,Dublin,Barcelona,"vegan, france"
161,Claire Thomas,31/08/2024,12/09/2024,Barcelona,Brussels,"spanish, vegan, barbaque"
162,Kaley Garcia,20/09/2024,29/09/2024,Zurich,Paris,pizza
163,Jared Allen,13/09/2024,16/09/2024,Barcelona,Dublin,"pasta, portuguese"
164,Sarai Harrison,13/09/2024,24/09/2024,Vienna,Milan,"vegan, spanish, sushi"
165,Esmeralda Stein,12/05/2024,25/05/2024,Milan,Barcelona,"pizza, tapes"
166,Jefferson Golden,30/01/2024,05/02/2024,Prague,Amsterdam,"pasta, mexican"
167,Felipe Eaton,02/01/2024,10/01/2024,Lisbon,Madrid,sushi
168,Jayden Jordan,02/10/2024,13/10/2024,Madrid,Milan,"mediterranean, italian"
169,Jaylon Nunez,30/09/2024,04/10/2024,London,Rome,"france, latin"
170,Maximilian Gamble,15/06/2024,28/06/2024,Barcelona,London,spanish
171,Juliana Parsons,07/08/2024,13/08/2024,Paris,Budapest,mediterranean
172,Alijah Bullock,22/12/2024,30/12/2024,Amsterdam,Barcelona,"mediterranean, asian"
173,Raven Mccullough,27/04/2024,11/05/2024,Munich,London,"european, barbaque, france"
174,Amy Harmon,10/07/2024,13/07/2024,Barcelona,Prague,austriac
175,Alondra Gordon,13/06/2024,17/06/2024,Brussels,Lisbon,france
176,Donovan Norton,13/01/2024,20/01/2024,Dublin,Berlin,spanish
177,Aliza Sheppard,02/02/2024,06/02/2024,Vienna,Barcelona,"france, european"
178,Sonia Mayer,25/06/2024,29/06/2024,London,Vienna,sushi
179,Miriam Mccormick,20/10/2024,01/11/2024,Milan,Paris,france
180,Kolten Michael,12/09/2024,16/09/2024,Madrid,Zurich,pasta
181,Giovanna Jennings,08/09/2024,22/09/2024,Barcelona,Amsterdam,"asian, mediterranean, pizza"
182,Shania Mccall,20/10/2024,26/10/2024,Paris,Munich,mediterranean
183,Isabela Roach,01/07/2024,07/07/2024,Barcelona,Lisbon,mexican
184,Aubrie Mendoza,22/09/2024,29/09/2024,Budapest,London,tapes
185,Brisa Roth,05/05/2024,19/05/2024,Florence,Barcelona,"pizza, tapes"
186,London Peck,16/02/2024,25/02/2024,Amsterdam,Vienna,portuguese
187,Anna Brandt,17/01/2024,27/01/2024,Barcelona,Munich,"barbaque, spanish, france"
188,Orlando Werner,03/05/2024,17/05/2024,Prague,Barcelona,"vegan, japanese, austriac"
189,Luciana Deleon,15/04/2024,24/04/2024,Lisbon,Berlin,"european, latin, asian"
190,Kassandra Li,09/03/2024,20/03/2024,Vienna,Barcelona,"italian, austriac"
191,Chloe Sheppard,16/01/2024,22/01/2024,London,Munich,"japanese, european, latin"
192,Alfonso Copeland,19/10/2024,24/10/2024,Barcelona,Milan,asian
193,Eden Gallagher,03/08/2024,10/08/2024,Brussels,Paris,"asian, barbaque"
194,Griffin Sellers,05/05/2024,19/05/2024,Dublin,Barcelona,"portuguese, france"
195,Curtis Gardner,05/11/2024,13/11/2024,Barcelona,Brussels,"vegan, barbaque, austriac"
196,Mariah King,18/03/2024,21/03/2024,Zurich,Paris,"pasta, portuguese, european"
197,Jordyn Mann,19/12/2024,31/12/2024,Barcelona,Dublin,"pizza, italian"
198,Margaret Morris,25/10/2024,30/10/2024,Vienna,Milan,"portuguese, latin, france"
199,Liberty Ingram,08/09/2024,13/09/2024,Milan,Barcelona,"european, asian"
200,Autumn Hubbard,19/05/2024,24/05/2024,Prague,Amsterdam,"vegan, italian, pasta"
201,Axel Copeland,19/07/2024,30/07/2024,Lisbon,Madrid,"sushi, asian, japanese"
202,Yamilet Krueger,23/02/2024,05/03/2024,Madrid,Milan,"pasta, japanese, barbaque"
203,Emiliano Serrano,27/12/2024,07/01/2025,London,Rome,"italian, pizza"
204,Deacon Roach,26/09/2024,08/10/2024,Barcelona,London,"barbaque, italian, portuguese"
205,Darion Wall,07/04/2024,19/04/2024,Paris,Budapest,"mediterranean, tapes"
206,Maci Goodwin,04/05/2024,17/05/2024,Amsterdam,Barcelona,latin
207,Davon Villa,15/12/2024,18/12/2024,Munich,London,"france, european"
208,Jakob Cox,27/07/2024,04/08/2024,Barcelona,Prague,"barbaque, italian, tapes"
209,Rene Lamb,01/12/2024,14/12/2024,Brussels,Lisbon,"japanese, barbaque, sushi"
210,Lucas Rivas,26/02/2024,11/03/2024,Dublin,Berlin,barbaque
211,Emiliano Beasley,01/02/2024,09/02/2024,Vienna,Barcelona,"vegan, japanese, spanish"
212,Roy Leach,11/08/2024,14/08/2024,London,Vienna,"pizza, france"
213,Jazmyn Levy,11/11/2024,19/11/2024,Milan,Paris,vegan
214,Emma Pennington,25/07/2024,07/08/2024,Madrid,Zurich,"mexican, france, spanish"
215,Justice Vargas,14/09/2024,24/09/2024,Barcelona,Amsterdam,"spanish, latin, portuguese"
216,Emmy Ellis,12/10/2024,26/10/2024,Paris,Munich,spanish
217,Branden Burgess,14/08/2024,19/08/2024,Barcelona,Lisbon,"european, tapes"
218,Lainey Knox,23/12/2024,30/12/2024,Budapest,London,portuguese
219,Marie Frey,21/02/2024,03/03/2024,Florence,Barcelona,"pasta, pizza, barbaque"
220,Jovanny Harrison,10/03/2024,19/03/2024,Amsterdam,Vienna,"japanese, barbaque"
221,Roy Ayala,25/08/2024,04/09/2024,Barcelona,Munich,"france, mediterranean, latin"
222,Iyana Webster,04/11/2024,16/11/2024,Prague,Barcelona,"vegan, spanish"
223,Anaya Butler,03/11/2024,10/11/2024,Lisbon,Berlin,"japanese, pizza"
224,Kenley Carter,11/01/2024,18/01/2024,Vienna,Barcelona,spanish
225,Justin Nguyen,11/01/2024,21/01/2024,London,Munich,"barbaque, mexican"
226,Elise Parrish,14/06/2024,18/06/2024,Barcelona,Milan,pasta
227,Roger Butler,07/03/2024,17/03/2024,Brussels,Paris,asian
228,Lyric Mckinney,28/07/2024,08/08/2024,Dublin,Barcelona,"france, tapes, european"
229,Mohammad Donovan,09/09/2024,17/09/2024,Barcelona,Brussels,"sushi, spanish, vegan"
230,John Aguilar,31/05/2024,05/06/2024,Zurich,Paris,"france, tapes, italian"
231,Antonio Cook,02/07/2024,10/07/2024,Barcelona,Dublin,"japanese, pasta, barbaque"
232,Dangelo Robles,17/10/2024,22/10/2024,Vienna,Milan,"pasta, spanish, portuguese"
233,Humberto Brooks,06/07/2024,13/07/2024,Milan,Barcelona,mexican
234,Collin Garrison,21/11/2024,27/11/2024,Prague,Amsterdam,"latin, japanese"
235,Issac Schwartz,31/05/2024,14/06/2024,Lisbon,Madrid,austriac
236,Alyson Zhang,20/03/2024,26/03/2024,Madrid,Milan,"portuguese, italian"
237,Damari Bruce,23/06/2024,28/06/2024,London,Rome,latin
238,Luis Cain,26/12/2024,02/01/2025,Barcelona,London,"asian, european, portuguese"
239,Omari Winters,17/04/2024,20/04/2024,Paris,Budapest,"portuguese, france"
240,America Valentine,21/05/2024,02/06/2024,Amsterdam,Barcelona,"sushi, asian"
241,Dayana Richards,29/10/2024,12/11/2024,Munich,London,asian
242,Ethen Valenzuela,18/11/2024,01/12/2024,Barcelona,Prague,mexican
243,Ashlyn Frye,12/06/2024,18/06/2024,Brussels,Lisbon,spanish
244,Franco Stevenson,13/02/2024,16/02/2024,Dublin,Berlin,"vegan, france, italian"
245,Diya Duffy,05/03/2024,10/03/2024,Vienna,Barcelona,"tapes, sushi, japanese"
246,Trinity Summers,20/02/2024,04/03/2024,London,Vienna,"spanish, sushi"
247,Dixie Yoder,09/04/2024,18/04/2024,Milan,Paris,vegan
248,Adriel Walton,27/12/2024,07/01/2025,Madrid,Zurich,"japanese, barbaque"
249,Madilynn Bonilla,18/03/2024,25/03/2024,Barcelona,Amsterdam,mexican
250,Bradley Cordova,21/04/2024,27/04/2024,Paris,Munich,"spanish, tapes"
251,Elisabeth Holmes,17/07/2024,23/07/2024,Barcelona,Lisbon,european
252,Hayley Hardy,20/10/2024,03/11/2024,Budapest,London,european
253,Casey Schaefer,30/10/2024,07/11/2024,Florence,Barcelona,"vegan, tapes, japanese"
254,Tristin Manning,19/06/2024,24/06/2024,Amsterdam,Vienna,"mediterranean, tapes"
255,Elisha Glass,13/09/2024,16/09/2024,Barcelona,Munich,mexican
256,Khloe Hodge,01/10/2024,12/10/2024,Prague,Barcelona,spanish
257,Brisa Yoder,19/03/2024,30/03/2024,Lisbon,Berlin,"france, european"
258,Margaret Conway,29/07/2024,11/08/2024,Vienna,Barcelona,austriac
259,Christian Bernard,16/12/2024,20/12/2024,London,Munich,european
260,Aliyah Wells,12/09/2024,16/09/2024,Barcelona,Milan,"sushi, france"
261,Gavin Little,25/08/2024,05/09/2024,Brussels,Paris,mediterranean
262,Zaire Zamora,23/06/2024,02/07/2024,Dublin,Barcelona,tapes
263,Lillie Clark,06/11/2024,17/11/2024,Barcelona,Brussels,"mexican, vegan, italian"
264,Phoenix Humphrey,21/08/2024,29/08/2024,Zurich,Paris,"portuguese, sushi"
265,Zariah Terrell,08/08/2024,16/08/2024,Barcelona,Dublin,"italian, mediterranean"
266,Shiloh Foster,27/04/2024,09/05/2024,Vienna,Milan,"austriac, european, mediterranean"
267,Blaine Gilbert,21/10/2024,25/10/2024,Milan,Barcelona,"mediterranean, barbaque, asian"
268,Bria Hays,01/09/2024,05/09/2024,Prague,Amsterdam,"pizza, tapes, japanese"
269,Shaun Waters,04/12/2024,08/12/2024,Lisbon,Madrid,"european, sushi"
270,Rohan Navarro,31/08/2024,03/09/2024,Madrid,Milan,tapes
271,Daniella Nguyen,19/04/2024,25/04/2024,London,Rome,"tapes, mexican"
272,Andres Nguyen,26/11/2024,10/12/2024,Barcelona,London,france
273,Gregory Mckinney,24/11/2024,02/12/2024,Paris,Budapest,"barbaque, portuguese"
274,Amanda Knapp,20/12/2024,01/01/2025,Amsterdam,Barcelona,"vegan, mediterranean, pizza"
275,Felicity Blake,07/01/2024,18/01/2024,Munich,London,spanish
276,Evangeline Snow,24/09/2024,27/09/2024,Barcelona,Prague,"portuguese, austriac"
277,Janae Bush,21/02/2024,29/02/2024,Brussels,Lisbon,"barbaque, austriac, france"
278,Kiersten Butler,14/04/2024,26/04/2024,Dublin,Berlin,"european, mediterranean"
279,Harper Roberson,27/07/2024,05/08/2024,Vienna,Barcelona,"barbaque, france, spanish"
280,King Porter,15/05/2024,20/05/2024,London,Vienna,"pizza, vegan"
281,Brittany Aguirre,13/05/2024,25/05/2024,Milan,Paris,japanese
282,Elliott Schmitt,15/12/2024,23/12/2024,Madrid,Zurich,"spanish, japanese, european"
283,Sierra Delgado,03/05/2024,09/05/2024,Barcelona,Amsterdam,"portuguese, sushi"
284,Kimora Phillips,05/04/2024,17/04/2024,Paris,Munich,"asian, spanish"
285,Ty Esparza,07/05/2024,16/05/2024,Barcelona,Lisbon,spanish
286,Tessa Watkins,04/10/2024,17/10/2024,Budapest,London,vegan
287,Dillan Allison,27/12/2024,07/01/2025,Florence,Barcelona,"spanish, portuguese, pizza"
288,Kelsie Davis,08/12/2024,18/12/2024,Amsterdam,Vienna,"portuguese, asian, mexican"
289,Tucker Stephens,05/07/2024,10/07/2024,Barcelona,Munich,"portuguese, barbaque"
290,Alessandro Good,23/07/2024,29/07/2024,Prague,Barcelona,barbaque
291,Mylie Potter,10/06/2024,24/06/2024,Lisbon,Berlin,"latin, tapes"
292,Delaney Barnes,09/03/2024,18/03/2024,Vienna,Barcelona,"sushi, european, austriac"
293,Roderick Beasley,19/11/2024,30/11/2024,London,Munich,latin
294,Megan Bailey,18/09/2024,23/09/2024,Barcelona,Milan,"austriac, pizza"
295,Kaleb Khan,17/02/2024,27/02/2024,Brussels,Paris,"italian, tapes, mexican"
296,Theodore Bass,07/12/2024,11/12/2024,Dublin,Barcelona,"japanese, vegan, portuguese"
297,Parker Allison,01/06/2024,10/06/2024,Barcelona,Brussels,"latin, pasta, tapes"
298,Megan Moss,17/07/2024,21/07/2024,Zurich,Paris,"mediterranean, sushi"
299,Rachael Choi,20/07/2024,23/07/2024,Barcelona,Dublin,portuguese
300,Cedric Rivas,07/01/2024,19/01/2024,Vienna,Milan,"japanese, barbaque, portuguese"
301,Hudson Church,15/12/2024,23/12/2024,Milan,Barcelona,"mexican, european, vegan"
302,Porter Woodard,12/02/2024,16/02/2024,Prague,Amsterdam,austriac
303,Makaila Cardenas,26/04/2024,07/05/2024,Lisbon,Madrid,"european, asian"
304,Amira Alexander,13/04/2024,21/04/2024,Madrid,Milan,"mediterranean, italian, european"
305,Megan Vaughan,26/06/2024,05/07/2024,London,Rome,"sushi, mexican"
306,Kamren Matthews,08/02/2024,21/02/2024,Barcelona,London,portuguese
307,Alexander Miranda,21/03/2024,04/04/2024,Paris,Budapest,"mediterranean, european"
308,Zackary Wilcox,27/08/2024,31/08/2024,Amsterdam,Barcelona,"sushi, vegan"
309,Francis Roberson,24/09/2024,02/10/2024,Munich,London,"pasta, japanese"
310,Raymond Goodwin,22/12/2024,30/12/2024,Barcelona,Prague,austriac
311,Marvin Griffith,20/11/2024,23/11/2024,Brussels,Lisbon,"mexican, spanish, austriac"
312,Braelyn Nichols,06/08/2024,13/08/2024,Dublin,Berlin,"portuguese, pizza, mexican"
313,Iris Conrad,18/05/2024,28/05/2024,Vienna,Barcelona,"spanish, pizza, sushi"
314,Javion Key,08/11/2024,18/11/2024,London,Vienna,"vegan, portuguese"
315,Raquel Francis,17/02/2024,24/02/2024,Milan,Paris,"portuguese, barbaque"
316,Saige Nunez,16/05/2024,24/05/2024,Madrid,Zurich,"japanese, european, latin"
317,Abbigail Knapp,02/12/2024,06/12/2024,Barcelona,Amsterdam,mexican
318,Esteban Brennan,22/07/2024,01/08/2024,Paris,Munich,"portuguese, asian"
319,Bethany Warner,07/04/2024,16/04/2024,Barcelona,Lisbon,italian
320,Sullivan Dalton,14/08/2024,26/08/2024,Budapest,London,"austriac, barbaque"
321,Emily Brennan,02/04/2024,16/04/2024,Florence,Barcelona,austriac
322,Colin Carr,08/10/2024,13/10/2024,Amsterdam,Vienna,"latin, sushi, france"
323,Marissa Banks,08/01/2024,11/01/2024,Barcelona,Munich,portuguese
324,Sheldon Buckley,30/05/2024,05/06/2024,Prague,Barcelona,"barbaque, tapes"
325,Uriel Hayes,25/12/2024,01/01/2025,Lisbon,Berlin,japanese
326,Livia Foster,03/03/2024,11/03/2024,Vienna,Barcelona,european
327,Abdullah Bond,23/02/2024,05/03/2024,London,Munich,barbaque
328,Aniyah Fletcher,08/09/2024,16/09/2024,Barcelona,Milan,"pizza, asian, barbaque"
329,Mario Bailey,03/08/2024,17/08/2024,Brussels,Paris,"spanish, vegan, mediterranean"
330,Annalise Pineda,22/05/2024,05/06/2024,Dublin,Barcelona,"spanish, tapes, austriac"
331,Laura Nixon,01/03/2024,08/03/2024,Barcelona,Brussels,"spanish, asian, japanese"
332,Kenya Molina,09/01/2024,12/01/2024,Zurich,Paris,spanish
333,Eden Drake,20/06/2024,27/06/2024,Barcelona,Dublin,asian
334,Markus Manning,17/11/2024,30/11/2024,Vienna,Milan,"asian, tapes, japanese"
335,Jared Snyder,29/02/2024,07/03/2024,Milan,Barcelona,"barbaque, asian, spanish"
336,Brett Warner,17/02/2024,02/03/2024,Prague,Amsterdam,"tapes, france, european"
337,Nevaeh Vang,08/03/2024,13/03/2024,Lisbon,Madrid,"spanish, pizza"
338,Aliana Norton,09/09/2024,23/09/2024,Madrid,Milan,"italian, spanish, european"
339,Clark Solomon,05/01/2024,17/01/2024,London,Rome,"mexican, france, european"
340,Holly Brennan,02/01/2024,13/01/2024,Barcelona,London,"pasta, pizza"
341,Katie Bentley,15/02/2024,21/02/2024,Paris,Budapest,european
342,Katelynn Jenkins,14/09/2024,21/09/2024,Amsterdam,Barcelona,tapes
343,Hassan Andrade,08/12/2024,13/12/2024,Munich,London,"barbaque, vegan, spanish"
344,Brenna Pham,23/09/2024,04/10/2024,Barcelona,Prague,"european, mexican"
345,Danna House,20/02/2024,03/03/2024,Brussels,Lisbon,"european, vegan"
346,Carsen Snow,16/05/2024,29/05/2024,Dublin,Berlin,"pasta, sushi"
347,Aaden Patterson,01/11/2024,10/11/2024,Vienna,Barcelona,sushi
348,Elle Norris,13/12/2024,23/12/2024,London,Vienna,"barbaque, sushi, asian"
349,Grady Campos,30/09/2024,07/10/2024,Milan,Paris,asian
350,Angela Berger,30/03/2024,08/04/2024,Madrid,Zurich,"asian, portuguese"
351,Nathen Bean,25/05/2024,03/06/2024,Barcelona,Amsterdam,"vegan, asian"
352,Soren Humphrey,09/09/2024,19/09/2024,Paris,Munich,"portuguese, european, japanese"
353,Alison Arroyo,08/11/2024,22/11/2024,Barcelona,Lisbon,"pizza, spanish"
354,Penelope Hawkins,11/07/2024,14/07/2024,Budapest,London,"pasta, austriac"
355,Trevin Greer,30/07/2024,02/08/2024,Florence,Barcelona,mediterranean
356,Milo Pope,04/11/2024,14/11/2024,Amsterdam,Vienna,spanish
357,Ezequiel Zamora,19/12/2024,29/12/2024,Barcelona,Munich,"pasta, italian, barbaque"
358,Bryan Spence,19/09/2024,22/09/2024,Prague,Barcelona,italian
359,Carlee Gutierrez,21/09/2024,04/10/2024,Lisbon,Berlin,mediterranean
360,Finnegan Prince,03/10/2024,14/10/2024,Vienna,Barcelona,france
361,Harper Bowen,13/06/2024,23/06/2024,London,Munich,"japanese, spanish, barbaque"
362,Drew Tate,06/12/2024,09/12/2024,Barcelona,Milan,"austriac, france"
363,Karen Silva,22/03/2024,03/04/2024,Brussels,Paris,spanish
364,Hana Huffman,06/09/2024,18/09/2024,Dublin,Barcelona,"portuguese, european"
365,Felicity Miles,14/05/2024,19/05/2024,Barcelona,Brussels,austriac
366,Marquis Perez,05/11/2024,10/11/2024,Zurich,Paris,mexican
367,Dereon Lang,25/04/2024,07/05/2024,Barcelona,Dublin,"asian, mediterranean"
368,Henry Vasquez,24/05/2024,05/06/2024,Vienna,Milan,france
369,Zoe Gill,21/01/2024,03/02/2024,Madrid,Milan,vegan
370,Trey Oneal,26/05/2024,29/05/2024,London,Rome,"pasta, pizza, european"
371,Julissa Conrad,07/05/2024,21/05/2024,Barcelona,London,"france, japanese"
372,Cecilia Andersen,07/04/2024,20/04/2024,Paris,Budapest,"pasta, spanish, mediterranean"
373,Gavyn Baker,16/09/2024,25/09/2024,Amsterdam,Barcelona,pasta
374,Cristina Torres,20/02/2024,23/02/2024,Munich,London,"italian, asian"
375,Shyanne Logan,19/08/2024,30/08/2024,Barcelona,Prague,european
376,Corey Sosa,16/03/2024,21/03/2024,Brussels,Lisbon,"mediterranean, spanish"
377,Jaslene Lopez,23/11/2024,05/12/2024,Dublin,Berlin,"sushi, pizza"
378,Garrett Newton,20/12/2024,29/12/2024,Vienna,Barcelona,japanese
379,Nelson Bolton,21/09/2024,26/09/2024,London,Vienna,"mexican, pasta"
380,Nick Parker,01/05/2024,09/05/2024,Milan,Paris,"mexican, vegan, latin"
381,Rebekah Calderon,07/02/2024,15/02/2024,Madrid,Zurich,"european, spanish, mexican"
382,Franklin Hancock,03/06/2024,11/06/2024,Barcelona,Amsterdam,"asian, sushi, austriac"
383,Monica Pena,08/11/2024,19/11/2024,Paris,Munich,pasta
384,Asa Prince,21/12/2024,27/12/2024,Barcelona,Lisbon,"japanese, mediterranean, sushi"
385,Amina Mitchell,20/02/2024,23/02/2024,Budapest,London,"austriac, italian, mediterranean"
386,Audrina Gonzalez,26/10/2024,04/11/2024,Florence,Barcelona,"pizza, mexican, japanese"
387,Marianna Barr,03/02/2024,13/02/2024,Amsterdam,Vienna,"spanish, pasta"
388,Lexi Mccormick,27/08/2024,01/09/2024,Barcelona,Munich,"tapes, austriac, latin"
389,Ava Padilla,28/05/2024,01/06/2024,Prague,Barcelona,"barbaque, sushi, pizza"
390,Marilyn Horn,06/10/2024,09/10/2024,Lisbon,Berlin,france
391,Jaylin Davies,14/08/2024,27/08/2024,Vienna,Barcelona,austriac
392,Frida Calderon,24/12/2024,05/01/2025,London,Munich,"asian, austriac"
393,Mikaela Robinson,07/12/2024,21/12/2024,Barcelona,Milan,sushi
394,Judah Grimes,26/03/2024,01/04/2024,Brussels,Paris,"portuguese, pasta, spanish"
395,Lillie Cummings,10/07/2024,22/07/2024,Dublin,Barcelona,asian
396,Zoe Bowen,12/11/2024,19/11/2024,Barcelona,Brussels,"france, sushi, mediterranean"
397,Dennis Stein,29/03/2024,11/04/2024,Zurich,Paris,"austriac, spanish"
398,Tyler Strickland,20/01/2024,24/01/2024,Barcelona,Dublin,"pizza, asian"
399,Dillan Wells,20/05/2024,30/05/2024,Vienna,Milan,"spanish, vegan, portuguese"
400,Aedan Hartman,31/07/2024,05/08/2024,Milan,Barcelona,vegan
401,Regina Barnett,02/02/2024,10/02/2024,Lisbon,Madrid,latin
402,Antwan Ortega,04/01/2024,09/01/2024,London,Rome,pasta
403,Jakobe Monroe,10/12/2024,21/12/2024,Paris,Budapest,"italian, pizza, barbaque"
404,Kingston Bowen,03/01/2024,16/01/2024,Amsterdam,Barcelona,"mexican, france"
405,Lillie Jones,03/05/2024,11/05/2024,Munich,London,"european, sushi"
406,Cristina Meza,06/12/2024,10/12/2024,Barcelona,Prague,"barbaque, asian, italian"
407,Emilio Kelley,10/02/2024,14/02/2024,Brussels,Lisbon,"european, japanese"
408,Jonathan Schaefer,06/02/2024,16/02/2024,Dublin,Berlin,european
409,Aron Brandt,20/04/2024,29/04/2024,Vienna,Barcelona,barbaque
410,Mia Kerr,26/01/2024,02/02/2024,London,Vienna,"pizza, tapes"
411,Dwayne Stanley,21/09/2024,30/09/2024,Milan,Paris,pizza
412,Isabelle Mclaughlin,24/02/2024,09/03/2024,Madrid,Zurich,"latin, european, japanese"
413,Helen Dyer,16/02/2024,23/02/2024,Barcelona,Amsterdam,"tapes, mediterranean"
414,Serenity Mueller,26/10/2024,31/10/2024,Paris,Munich,"mediterranean, pasta, asian"
415,Connor Day,20/04/2024,01/05/2024,Barcelona,Lisbon,"portuguese, asian, european"
416,Deandre Sellers,01/07/2024,15/07/2024,Budapest,London,"pasta, barbaque, asian"
417,Gisselle Hunt,09/12/2024,15/12/2024,Florence,Barcelona,portuguese
418,Cali Burns,25/03/2024,28/03/2024,Amsterdam,Vienna,"sushi, pasta, tapes"
419,Meredith Schneider,29/06/2024,05/07/2024,Barcelona,Munich,"japanese, italian"
420,Howard Stark,21/07/2024,29/07/2024,Prague,Barcelona,"austriac, sushi, mexican"
421,Terrell Fritz,22/10/2024,31/10/2024,Lisbon,Berlin,"latin, mediterranean, spanish"
422,Alani Bush,28/03/2024,10/04/2024,Vienna,Barcelona,"pizza, spanish, asian"
423,Joslyn Joseph,27/08/2024,04/09/2024,London,Munich,"tapes, france, vegan"
424,Kylan Curry,12/07/2024,24/07/2024,Barcelona,Milan,spanish
425,Reina Reeves,24/09/2024,27/09/2024,Brussels,Paris,france
426,Emmett Potts,16/05/2024,22/05/2024,Dublin,Barcelona,sushi
427,Alia Griffith,05/07/2024,12/07/2024,Barcelona,Brussels,mediterranean
428,Deacon Ellis,23/03/2024,27/03/2024,Zurich,Paris,spanish
429,Aliya Cox,22/04/2024,27/04/2024,Barcelona,Dublin,"austriac, pizza"
430,Jenny York,18/09/2024,25/09/2024,Vienna,Milan,"portuguese, pizza"
431,Nina Blair,23/10/2024,30/10/2024,Milan,Barcelona,"asian, sushi, latin"
432,Alec Melton,29/02/2024,07/03/2024,Prague,Amsterdam,"sushi, spanish"
433,Alani Wilkins,03/12/2024,12/12/2024,Madrid,Milan,france
434,Emanuel Cortez,21/06/2024,25/06/2024,London,Rome,"mediterranean, spanish, pizza"
435,Cristal Frank,24/03/2024,29/03/2024,Paris,Budapest,"mexican, sushi, france"
436,Arjun Crosby,03/11/2024,10/11/2024,Amsterdam,Barcelona,"tapes, spanish, pasta"
437,Arianna Fletcher,29/10/2024,01/11/2024,Barcelona,Prague,barbaque
438,Ayanna Barton,06/11/2024,11/11/2024,Brussels,Lisbon,asian
439,Maribel Whitehead,25/12/2024,29/12/2024,Dublin,Berlin,sushi
440,Mara Bernard,04/08/2024,16/08/2024,Vienna,Barcelona,"latin, france"
441,Greta Glass,11/09/2024,22/09/2024,London,Vienna,"european, austriac, pasta"
442,Jaylynn Green,18/03/2024,27/03/2024,Milan,Paris,"france, latin"
443,Emilee Hurley,20/12/2024,29/12/2024,Madrid,Zurich,"barbaque, vegan, italian"
444,Monica Osborn,12/05/2024,15/05/2024,Barcelona,Amsterdam,"mexican, asian, mediterranean"
445,Titus Padilla,26/11/2024,06/12/2024,Paris,Munich,european
446,Piper Hughes,14/06/2024,22/06/2024,Barcelona,Lisbon,"france, european"
447,Kylee Pittman,10/06/2024,23/06/2024,Budapest,London,"latin, sushi, austriac"
448,Janiah Mcgee,06/02/2024,20/02/2024,Florence,Barcelona,"france, italian, tapes"
449,Mila Hanson,11/12/2024,15/12/2024,Amsterdam,Vienna,tapes
450,Marcus Juarez,26/02/2024,10/03/2024,Barcelona,Munich,latin
451,Angel Nicholson,15/10/2024,21/10/2024,Prague,Barcelona,pizza
452,Anika Walker,09/11/2024,14/11/2024,Lisbon,Berlin,"austriac, asian, vegan"
453,Griffin Sharp,24/03/2024,05/04/2024,Vienna,Barcelona,"spanish, austriac"
454,Casey Kaiser,30/10/2024,05/11/2024,London,Munich,"japanese, tapes"
455,Reece Cordova,10/02/2024,22/02/2024,Barcelona,Milan,"portuguese, sushi, vegan"
456,Nelson Carney,15/07/2024,20/07/2024,Brussels,Paris,pizza
457,Elise Tyler,15/09/2024,18/09/2024,Dublin,Barcelona,pizza
458,Yadiel Solis,07/09/2024,17/09/2024,Barcelona,Brussels,"pasta, vegan"
459,Zaniyah Turner,15/12/2024,19/12/2024,Zurich,Paris,mediterranean
460,Keegan Elliott,05/05/2024,08/05/2024,Barcelona,Dublin,mexican
461,Austin Randolph,04/08/2024,09/08/2024,Vienna,Milan,"france, austriac"
462,Shannon Terrell,06/07/2024,19/07/2024,Milan,Barcelona,"pizza, austriac"
463,Mallory Shelton,23/10/2024,26/10/2024,Prague,Amsterdam,"spanish, japanese"
464,Wesley Esparza,05/04/2024,11/04/2024,Lisbon,Madrid,portuguese
465,Danica Arroyo,26/10/2024,02/11/2024,London,Rome,mediterranean
466,Dwayne Li,23/03/2024,01/04/2024,Barcelona,London,"vegan, pizza"
467,Lydia Washington,13/08/2024,27/08/2024,Paris,Budapest,barbaque
468,Tristian Harrington,18/08/2024,26/08/2024,Munich,London,"barbaque, austriac"
469,Miya Moses,10/09/2024,23/09/2024,Barcelona,Prague,"tapes, mediterranean, austriac"
470,Cristal Atkinson,09/02/2024,17/02/2024,Brussels,Lisbon,pizza
471,Valentino Armstrong,10/11/2024,18/11/2024,Vienna,Barcelona,"spanish, sushi"
472,Dean Dudley,25/09/2024,08/10/2024,London,Vienna,pasta
473,Owen Perry,17/08/2024,28/08/2024,Milan,Paris,sushi
474,Franco Norman,31/05/2024,13/06/2024,Madrid,Zurich,latin
475,Nicholas Blake,06/08/2024,11/08/2024,Barcelona,Amsterdam,tapes
476,Evelin Moreno,10/07/2024,21/07/2024,Paris,Munich,austriac
477,Mikayla Gould,07/10/2024,18/10/2024,Barcelona,Lisbon,"pasta, spanish, asian"
478,Jamarion Good,22/01/2024,30/01/2024,Budapest,London,"italian, japanese, portuguese"
479,Allie Beasley,26/01/2024,07/02/2024,Florence,Barcelona,"pizza, european, japanese"
480,Leroy Orr,08/03/2024,20/03/2024,Amsterdam,Vienna,spanish
481,Jaelynn Walton,18/10/2024,26/10/2024,Barcelona,Munich,tapes
482,Chanel Barajas,23/03/2024,28/03/2024,Prague,Barcelona,"france, mediterranean, pasta"
483,Osvaldo Schmitt,29/05/2024,05/06/2024,Lisbon,Berlin,austriac
484,Maddison Arellano,05/11/2024,17/11/2024,Vienna,Barcelona,"mexican, asian"
485,Tyshawn Schneider,29/02/2024,04/03/2024,London,Munich,spanish
486,Braylon Reese,11/06/2024,16/06/2024,Barcelona,Milan,italian
487,Jaxon Wolf,17/05/2024,26/05/2024,Brussels,Paris,"pizza, barbaque"
488,Bo Ortiz,21/12/2024,24/12/2024,Dublin,Barcelona,"italian, latin, pizza"
489,Selena Waller,17/07/2024,20/07/2024,Barcelona,Brussels,"pizza, austriac"
490,Gina Henry,12/04/2024,18/04/2024,Zurich,Paris,spanish
491,Lewis Chapman,14/11/2024,28/11/2024,Barcelona,Dublin,"portuguese, european"
492,Franklin Norton,17/02/2024,01/03/2024,Vienna,Milan,"asian, latin"
493,Kiara Patton,16/05/2024,24/05/2024,Milan,Barcelona,"european, barbaque, pasta"
494,Aleah Harvey,22/02/2024,26/02/2024,Prague,Amsterdam,"mexican, japanese"
495,Tamara Hatfield,07/08/2024,15/08/2024,Lisbon,Madrid,portuguese
496,Mckenzie Hickman,02/08/2024,07/08/2024,Madrid,Milan,"vegan, pasta"
497,Elliot Kane,17/11/2024,30/11/2024,Barcelona,London,tapes
498,Lilah Owen,11/10/2024,15/10/2024,Paris,Budapest,"asian, italian"
499,Amir Mack,18/12/2024,21/12/2024,Amsterdam,Barcelona,tapes
500,Lewis Hart,18/12/2024,29/12/2024,Munich,London,"asian, pasta, european"
501,Jonathon Flynn,07/03/2024,18/03/2024,Brussels,Lisbon,"asian, spanish"
502,Mariam Hogan,29/12/2024,01/01/2025,Dublin,Berlin,"vegan, tapes"
503,Angel Hodge,12/02/2024,23/02/2024,Vienna,Barcelona,"european, spanish"
504,Aron Rose,06/06/2024,19/06/2024,London,Vienna,"austriac, tapes, spanish"
505,Ellen Wade,23/08/2024,27/08/2024,Madrid,Zurich,"barbaque, portuguese"
506,Essence Ray,25/10/2024,30/10/2024,Barcelona,Amsterdam,vegan
507,Aliana Spencer,17/10/2024,24/10/2024,Paris,Munich,asian
508,Wade Robinson,25/04/2024,05/05/2024,Barcelona,Lisbon,"barbaque, pizza"
509,America Lowe,13/11/2024,16/11/2024,Budapest,London,"france, pizza"
510,Yazmin Benson,28/09/2024,02/10/2024,Florence,Barcelona,"portuguese, tapes"
511,Sarai Mcgee,02/06/2024,10/06/2024,Amsterdam,Vienna,"asian, european, portuguese"
512,Amiah Becker,20/10/2024,02/11/2024,Barcelona,Munich,mexican
513,Valerie Stuart,04/06/2024,16/06/2024,Prague,Barcelona,austriac
514,Spencer Brady,11/01/2024,22/01/2024,Lisbon,Berlin,"austriac, pizza, spanish"
515,Alyson Wilcox,28/10/2024,06/11/2024,Vienna,Barcelona,sushi
516,Adalyn Friedman,04/05/2024,17/05/2024,London,Munich,"barbaque, france"
517,Darius Dudley,27/08/2024,05/09/2024,Barcelona,Milan,pizza
518,Aydan Rivers,11/12/2024,25/12/2024,Brussels,Paris,european
519,Chasity Brennan,26/10/2024,06/11/2024,Dublin,Barcelona,"japanese, tapes, pasta"
520,Devin Petty,27/09/2024,03/10/2024,Barcelona,Brussels,"tapes, pasta, european"
521,Mckayla Mcgee,29/08/2024,12/09/2024,Zurich,Paris,mexican
522,Lainey Young,20/10/2024,28/10/2024,Barcelona,Dublin,"japanese, barbaque, asian"
523,Lyric Hansen,11/09/2024,15/09/2024,Vienna,Milan,"sushi, austriac, pizza"
524,Hayley Hebert,22/06/2024,01/07/2024,Milan,Barcelona,"austriac, pasta, latin"
525,Yamilet Barnett,16/11/2024,22/11/2024,Prague,Amsterdam,"pasta, mexican"
526,Mohamed Pacheco,07/02/2024,15/02/2024,Lisbon,Madrid,"japanese, sushi"
527,Deacon Livingston,27/10/2024,03/11/2024,Madrid,Milan,asian
528,Makaila Baker,12/08/2024,15/08/2024,London,Rome,"barbaque, latin"
529,Madelyn Mitchell,08/07/2024,14/07/2024,Paris,Budapest,"mexican, portuguese, spanish"
530,Valentino Baxter,10/07/2024,19/07/2024,Amsterdam,Barcelona,"italian, european"
531,Juliana Chang,26/04/2024,29/04/2024,Munich,London,mexican
532,Giuliana Noble,08/11/2024,16/11/2024,Barcelona,Prague,"mexican, european"
533,Roman Davis,30/06/2024,11/07/2024,Brussels,Lisbon,latin
534,Tiara Mcknight,11/09/2024,14/09/2024,Vienna,Barcelona,sushi
535,Joselyn Stein,29/11/2024,09/12/2024,London,Vienna,"pasta, austriac"
536,Aaron Bell,07/09/2024,12/09/2024,Milan,Paris,"european, spanish"
537,Adalynn Cardenas,28/04/2024,12/05/2024,Madrid,Zurich,japanese
538,Landen Cobb,25/07/2024,07/08/2024,Barcelona,Amsterdam,latin
539,Timothy Galvan,05/02/2024,18/02/2024,Barcelona,Lisbon,mediterranean
540,Georgia Estrada,23/04/2024,04/05/2024,Budapest,London,france
541,Addison Whitaker,25/12/2024,07/01/2025,Florence,Barcelona,pasta
542,Myles French,25/11/2024,07/12/2024,Amsterdam,Vienna,european
543,Jaylan Farmer,24/09/2024,29/09/2024,Barcelona,Munich,pizza
544,Keely Riddle,16/12/2024,26/12/2024,Prague,Barcelona,"france, pasta, sushi"
545,Ali Morris,26/08/2024,31/08/2024,Lisbon,Berlin,barbaque
546,Isabel Perry,12/01/2024,26/01/2024,Vienna,Barcelona,mexican
547,Maia Fuentes,27/05/2024,08/06/2024,London,Munich,"barbaque, sushi"
548,Harrison Hess,15/07/2024,25/07/2024,Barcelona,Milan,asian
549,Renee Cannon,10/09/2024,18/09/2024,Brussels,Paris,mexican
550,Darnell Martin,16/02/2024,28/02/2024,Dublin,Barcelona,"france, spanish, portuguese"
551,Nikhil Munoz,12/12/2024,19/12/2024,Barcelona,Brussels,"european, tapes"
552,Daniel Frederick,22/01/2024,01/02/2024,Zurich,Paris,"mediterranean, european, japanese"
553,Valeria Manning,13/05/2024,25/05/2024,Barcelona,Dublin,barbaque
554,Penelope Tapia,08/06/2024,11/06/2024,Vienna,Milan,asian
555,Trenton Cobb,12/09/2024,22/09/2024,Milan,Barcelona,spanish
556,Karla Lester,23/02/2024,28/02/2024,Prague,Amsterdam,"portuguese, mediterranean, pasta"
557,Caitlyn Lin,14/03/2024,27/03/2024,Lisbon,Madrid,pasta
558,Isabella Conley,22/09/2024,26/09/2024,Madrid,Milan,"mexican, france"
559,Itzel Stokes,11/04/2024,24/04/2024,London,Rome,"italian, japanese, barbaque"
560,Frances Rodgers,05/01/2024,10/01/2024,Barcelona,London,sushi
561,Hezekiah Patrick,05/03/2024,10/03/2024,Amsterdam,Barcelona,"sushi, mediterranean"
562,Michael Yu,22/10/2024,01/11/2024,Munich,London,"european, portuguese, tapes"
563,Todd Maddox,25/11/2024,03/12/2024,Barcelona,Prague,"pizza, austriac, japanese"
564,Ximena Randolph,15/09/2024,26/09/2024,Brussels,Lisbon,"european, asian"
565,Angie Rivers,20/04/2024,28/04/2024,Dublin,Berlin,spanish
566,Serenity Baker,02/06/2024,09/06/2024,Vienna,Barcelona,"mediterranean, asian, tapes"
567,Camren Swanson,14/06/2024,19/06/2024,Milan,Paris,"mexican, sushi"
568,Hallie Castro,05/02/2024,11/02/2024,Madrid,Zurich,"france, japanese, vegan"
569,Libby Hayden,21/07/2024,24/07/2024,Barcelona,Amsterdam,"japanese, pasta"
570,Jesse Valenzuela,10/12/2024,20/12/2024,Paris,Munich,japanese
571,Immanuel Conway,08/12/2024,21/12/2024,Barcelona,Lisbon,sushi
572,Mya Singleton,02/01/2024,08/01/2024,Budapest,London,barbaque
573,Harley Francis,02/08/2024,06/08/2024,Florence,Barcelona,"pizza, france"
574,Jett Higgins,17/05/2024,27/05/2024,Amsterdam,Vienna,"portuguese, mediterranean, vegan"
575,Phoenix Hartman,05/02/2024,14/02/2024,Barcelona,Munich,"pizza, tapes"
576,Julianna Greer,27/02/2024,01/03/2024,Prague,Barcelona,latin
577,Angelica Mcmahon,13/01/2024,18/01/2024,Lisbon,Berlin,spanish
578,Cara Clarke,16/10/2024,30/10/2024,Vienna,Barcelona,"japanese, france"
579,Cristina Bennett,12/07/2024,18/07/2024,London,Munich,portuguese
580,Kristina Cain,07/02/2024,16/02/2024,Barcelona,Milan,"france, pasta"
581,Kristian Green,26/10/2024,06/11/2024,Brussels,Paris,"tapes, france, pasta"
582,Salma Kidd,13/12/2024,25/12/2024,Dublin,Barcelona,"mexican, portuguese"
583,Dana Case,18/10/2024,27/10/2024,Barcelona,Brussels,spanish
584,Karli Burnett,02/02/2024,12/02/2024,Zurich,Paris,asian
585,Scott Stanton,04/04/2024,17/04/2024,Barcelona,Dublin,"vegan, asian"
586,Jaydon Pittman,28/02/2024,08/03/2024,Vienna,Milan,mediterranean
587,Blaine Marshall,31/08/2024,11/09/2024,Milan,Barcelona,mediterranean
588,Alexia Stark,08/12/2024,18/12/2024,Prague,Amsterdam,"pasta, italian"
589,Bryce Bush,09/07/2024,20/07/2024,Lisbon,Madrid,pizza
590,Curtis Osborne,23/06/2024,05/07/2024,Madrid,Milan,"tapes, austriac"
591,Belen Charles,10/11/2024,22/11/2024,London,Rome,"france, tapes"
592,Chanel Novak,29/04/2024,12/05/2024,Barcelona,London,mexican
593,Brayden Sellers,17/04/2024,21/04/2024,Paris,Budapest,"pasta, mediterranean, asian"
594,Lindsey Shepherd,03/04/2024,07/04/2024,Munich,London,vegan
595,Tyrese Warren,03/05/2024,12/05/2024,Barcelona,Prague,france
596,Tia Terry,13/07/2024,17/07/2024,Brussels,Lisbon,sushi
597,Christine Ballard,27/06/2024,11/07/2024,Dublin,Berlin,"mexican, vegan"
598,Hugo Mayo,27/09/2024,07/10/2024,Vienna,Barcelona,vegan
599,Leroy Bowman,05/07/2024,08/07/2024,London,Vienna,vegan
600,Alisa Oliver,04/08/2024,07/08/2024,Milan,Paris,"sushi, france, austriac"
601,Aiden Forbes,24/01/2024,30/01/2024,Barcelona,Amsterdam,"tapes, portuguese, mexican"
602,Alanna Monroe,05/10/2024,08/10/2024,Paris,Munich,"spanish, france, tapes"
603,Rigoberto Austin,07/06/2024,11/06/2024,Barcelona,Lisbon,"pasta, japanese, pizza"
604,Evelyn Lane,03/02/2024,07/02/2024,Budapest,London,"latin, tapes, mexican"
605,Alexis Hernandez,26/02/2024,02/03/2024,Florence,Barcelona,"barbaque, austriac"
606,Zack Vargas,23/11/2024,29/11/2024,Amsterdam,Vienna,france
607,Alejandra Vega,09/07/2024,21/07/2024,Barcelona,Munich,"japanese, mexican, asian"
608,Jakayla Joyce,20/03/2024,26/03/2024,Prague,Barcelona,asian
609,Trenton Richmond,15/12/2024,28/12/2024,Lisbon,Berlin,"italian, sushi"
610,Miah Lucas,25/05/2024,02/06/2024,Vienna,Barcelona,"european, france, italian"
611,Reina Schaefer,11/12/2024,16/12/2024,London,Munich,"japanese, mexican, austriac"
612,Kaelyn Flowers,04/07/2024,09/07/2024,Barcelona,Milan,"japanese, pizza"
613,Cannon Martinez,04/01/2024,12/01/2024,Brussels,Paris,austriac
614,Andre White,01/01/2024,05/01/2024,Dublin,Barcelona,"mexican, vegan, barbaque"
615,Stella Kim,27/07/2024,06/08/2024,Barcelona,Brussels,tapes
616,Tyrone Robertson,12/10/2024,22/10/2024,Zurich,Paris,"vegan, italian"
617,Hayley Wilkerson,25/11/2024,08/12/2024,Barcelona,Dublin,"mexican, italian, tapes"
618,Tyrese Bolton,07/04/2024,17/04/2024,Vienna,Milan,"asian, portuguese, vegan"
619,Litzy Bird,29/10/2024,12/11/2024,Milan,Barcelona,"italian, barbaque, sushi"
620,Corbin Vance,24/01/2024,04/02/2024,Prague,Amsterdam,"japanese, sushi"
621,Arthur Ponce,04/07/2024,12/07/2024,Lisbon,Madrid,"spanish, vegan"
622,Carlo Spencer,30/06/2024,12/07/2024,Madrid,Milan,"austriac, mediterranean"
623,Zariah Campbell,09/10/2024,22/10/2024,London,Rome,"sushi, barbaque"
624,Joanna Riddle,27/11/2024,11/12/2024,Barcelona,London,"spanish, asian, mexican"
625,Salvador Bauer,15/07/2024,19/07/2024,Paris,Budapest,"spanish, european, latin"
626,Sanai Taylor,08/05/2024,18/05/2024,Amsterdam,Barcelona,"pizza, france, barbaque"
627,Dante Freeman,25/02/2024,29/02/2024,Barcelona,Prague,pizza
628,Finnegan Anthony,27/05/2024,01/06/2024,Brussels,Lisbon,"italian, pasta, austriac"
629,Drew Aguirre,27/02/2024,12/03/2024,Dublin,Berlin,"tapes, japanese"
630,Emiliano Wiley,14/03/2024,27/03/2024,Vienna,Barcelona,latin
631,Duncan Barrett,07/03/2024,18/03/2024,London,Vienna,"pizza, japanese, vegan"
632,Essence Rubio,06/06/2024,19/06/2024,Milan,Paris,"vegan, latin, italian"
633,Nicholas Waters,20/03/2024,03/04/2024,Madrid,Zurich,vegan
634,Beckett Zuniga,24/12/2024,31/12/2024,Barcelona,Amsterdam,"france, asian"
635,Brock Combs,16/06/2024,21/06/2024,Barcelona,Lisbon,"european, austriac"
636,Colten Norris,24/12/2024,06/01/2025,Budapest,London,"mexican, mediterranean, spanish"
637,Chris Gutierrez,24/09/2024,07/10/2024,Florence,Barcelona,"tapes, italian, european"
638,Lilliana Cross,15/09/2024,26/09/2024,Amsterdam,Vienna,latin
639,Joseph Andrade,03/04/2024,06/04/2024,Barcelona,Munich,"tapes, asian"
640,Talia Mason,26/04/2024,07/05/2024,Prague,Barcelona,"japanese, european"
641,Ramiro Petersen,20/12/2024,01/01/2025,Lisbon,Berlin,"barbaque, spanish, tapes"
642,Kaitlin Summers,03/03/2024,09/03/2024,Vienna,Barcelona,"pizza, sushi, japanese"
643,Romeo Robertson,20/05/2024,03/06/2024,London,Munich,"tapes, vegan"
644,Rudy Miles,10/08/2024,23/08/2024,Barcelona,Milan,"european, mexican"
645,Tony Waters,22/10/2024,26/10/2024,Brussels,Paris,"austriac, barbaque, sushi"
646,Amelie Browning,29/03/2024,05/04/2024,Dublin,Barcelona,"portuguese, latin"
647,Micah Rogers,09/07/2024,15/07/2024,Barcelona,Brussels,"italian, mediterranean"
648,Kaylie Russell,05/01/2024,15/01/2024,Zurich,Paris,austriac
649,Raegan York,14/09/2024,25/09/2024,Barcelona,Dublin,"spanish, portuguese, barbaque"
650,Sincere Johnston,11/02/2024,17/02/2024,Vienna,Milan,"barbaque, mediterranean, spanish"
651,Fatima Duncan,05/01/2024,09/01/2024,Milan,Barcelona,"france, japanese, vegan"
652,Gillian Duncan,30/10/2024,13/11/2024,Prague,Amsterdam,"mediterranean, mexican, barbaque"
653,Brynlee Larsen,13/01/2024,27/01/2024,Lisbon,Madrid,"asian, european, vegan"
654,Camilla Hutchinson,19/05/2024,23/05/2024,Madrid,Milan,mediterranean
655,Brock Skinner,20/12/2024,30/12/2024,London,Rome,"austriac, pasta, mexican"
656,Talon Friedman,03/02/2024,15/02/2024,Barcelona,London,france
657,Casey Mcbride,02/04/2024,06/04/2024,Paris,Budapest,italian
658,Aydin Cunningham,27/03/2024,31/03/2024,Amsterdam,Barcelona,"austriac, latin"
659,Peyton Mcconnell,30/06/2024,10/07/2024,Munich,London,pizza
660,Denisse Brooks,04/03/2024,15/03/2024,Brussels,Lisbon,"tapes, pizza"
661,Riley Townsend,17/11/2024,27/11/2024,Dublin,Berlin,"vegan, tapes"
662,Javion Andrews,02/03/2024,08/03/2024,Vienna,Barcelona,"portuguese, asian"
663,Paxton Solis,04/12/2024,07/12/2024,London,Vienna,"mexican, spanish, italian"
664,Davin Daugherty,10/06/2024,22/06/2024,Milan,Paris,tapes
665,Chaim Larsen,11/01/2024,21/01/2024,Madrid,Zurich,"pasta, european"
666,Jasiah Wilcox,09/08/2024,20/08/2024,Barcelona,Amsterdam,austriac
667,Colton Hensley,30/11/2024,08/12/2024,Paris,Munich,"european, tapes"
668,Erick Parker,29/07/2024,01/08/2024,Barcelona,Lisbon,"japanese, pasta"
669,Ezekiel Kirk,01/10/2024,09/10/2024,Florence,Barcelona,"barbaque, tapes"
670,Carina Hubbard,07/07/2024,21/07/2024,Amsterdam,Vienna,spanish
671,Charles Clark,23/05/2024,01/06/2024,Barcelona,Munich,"spanish, vegan, mediterranean"
672,Jaida Riley,24/04/2024,08/05/2024,Prague,Barcelona,"italian, european, sushi"
673,Dayanara Morton,27/05/2024,06/06/2024,Lisbon,Berlin,portuguese
674,Hugh White,09/08/2024,14/08/2024,Vienna,Barcelona,asian
675,Jagger Donovan,01/06/2024,07/06/2024,London,Munich,"japanese, mexican"
676,Yadira Mcdowell,28/06/2024,04/07/2024,Barcelona,Milan,"asian, france"
677,Danny Woodard,09/09/2024,20/09/2024,Brussels,Paris,"sushi, portuguese"
678,Erin Oneill,21/12/2024,04/01/2025,Dublin,Barcelona,"spanish, pasta"
679,Amelie Hopkins,10/02/2024,20/02/2024,Barcelona,Brussels,"mediterranean, portuguese, france"
680,Paula Kemp,09/12/2024,20/12/2024,Zurich,Paris,"pasta, france"
681,Martha Grimes,10/02/2024,19/02/2024,Barcelona,Dublin,portuguese
682,Adrian Arnold,19/02/2024,04/03/2024,Vienna,Milan,"tapes, mediterranean, barbaque"
683,Marisol Cline,01/02/2024,13/02/2024,Milan,Barcelona,"asian, pasta, european"
684,Laura Frazier,02/07/2024,16/07/2024,Prague,Amsterdam,asian
685,Sidney Horn,07/02/2024,14/02/2024,Lisbon,Madrid,"vegan, asian"
686,Josue Sexton,26/03/2024,03/04/2024,Madrid,Milan,"pizza, spanish, mediterranean"
687,Brynn Mora,14/11/2024,18/11/2024,London,Rome,"mediterranean, spanish"
688,Raven Bradshaw,20/08/2024,23/08/2024,Barcelona,London,"france, pizza"
689,Leanna Pugh,14/03/2024,17/03/2024,Paris,Budapest,"pasta, austriac"
690,Jaylee Haley,20/10/2024,02/11/2024,Amsterdam,Barcelona,"barbaque, latin, european"
691,Dulce Strickland,20/02/2024,04/03/2024,Munich,London,japanese
692,Trevor Gibson,08/06/2024,22/06/2024,Barcelona,Prague,"japanese, mexican"
693,Abdiel Larson,14/03/2024,27/03/2024,Dublin,Berlin,"mexican, vegan"
694,Kadence Morrison,07/12/2024,17/12/2024,Vienna,Barcelona,"tapes, france, barbaque"
695,Jasper Nicholson,21/10/2024,04/11/2024,London,Vienna,pasta
696,Angelique Weber,09/07/2024,19/07/2024,Milan,Paris,"barbaque, asian"
697,Nora Brewer,14/06/2024,20/06/2024,Madrid,Zurich,france
698,Tiffany Ford,25/10/2024,01/11/2024,Barcelona,Amsterdam,"mediterranean, vegan"
699,George Hampton,19/04/2024,02/05/2024,Paris,Munich,"sushi, european, mediterranean"
700,Cordell Burns,21/04/2024,25/04/2024,Barcelona,Lisbon,spanish
701,Kyson Cain,01/02/2024,15/02/2024,Budapest,London,"pizza, vegan, latin"
702,Lexie Bowen,20/08/2024,24/08/2024,Florence,Barcelona,barbaque
703,Reyna Lopez,02/09/2024,05/09/2024,Barcelona,Munich,mexican
704,Marissa Luna,12/04/2024,20/04/2024,Prague,Barcelona,vegan
705,Noah Hickman,12/03/2024,16/03/2024,Lisbon,Berlin,"austriac, sushi, mediterranean"
706,Kinley Moss,25/07/2024,05/08/2024,Vienna,Barcelona,tapes
707,Isaias Gonzalez,24/07/2024,27/07/2024,London,Munich,"asian, tapes, spanish"
708,Akira Kemp,22/07/2024,27/07/2024,Barcelona,Milan,vegan
709,Cristian Sheppard,13/09/2024,23/09/2024,Brussels,Paris,"tapes, italian, mediterranean"
710,Kathy Bishop,22/01/2024,30/01/2024,Dublin,Barcelona,"asian, spanish, latin"
711,Colin Poole,22/05/2024,25/05/2024,Barcelona,Brussels,"european, pizza"
712,Gaven Hanna,18/08/2024,21/08/2024,Zurich,Paris,"japanese, vegan"
713,Elise Silva,23/12/2024,30/12/2024,Barcelona,Dublin,italian
714,Victor Charles,05/02/2024,09/02/2024,Vienna,Milan,"vegan, asian, pizza"
715,Daniella Mcneil,15/08/2024,25/08/2024,Milan,Barcelona,"vegan, pasta"
716,Michaela Ramirez,22/06/2024,28/06/2024,Prague,Amsterdam,"latin, pasta"
717,Muhammad Bradley,16/01/2024,28/01/2024,Lisbon,Madrid,"barbaque, mediterranean, vegan"
718,Kasey House,08/12/2024,14/12/2024,Madrid,Milan,"mediterranean, pasta"
719,Baron Fritz,24/04/2024,27/04/2024,London,Rome,"spanish, portuguese"
720,Davion Chase,25/05/2024,02/06/2024,Barcelona,London,"european, tapes"
721,Caitlin Underwood,10/07/2024,13/07/2024,Paris,Budapest,pasta
722,Jorge Franklin,01/01/2024,11/01/2024,Amsterdam,Barcelona,"mediterranean, latin"
723,Atticus Travis,08/09/2024,13/09/2024,Munich,London,"vegan, asian"
724,Jerimiah Robbins,24/09/2024,07/10/2024,Barcelona,Prague,"austriac, japanese, pasta"
725,Carter Villegas,19/05/2024,23/05/2024,Brussels,Lisbon,"sushi, pasta"
726,Krista Mejia,24/01/2024,29/01/2024,Vienna,Barcelona,"latin, european, mediterranean"
727,Martin Jones,05/01/2024,16/01/2024,London,Vienna,"sushi, mexican, italian"
728,Andreas Wolf,16/05/2024,28/05/2024,Milan,Paris,"latin, spanish"
729,Genevieve Conner,01/12/2024,06/12/2024,Madrid,Zurich,portuguese
730,Shelby Saunders,06/05/2024,15/05/2024,Barcelona,Amsterdam,"sushi, spanish, european"
731,Nelson Thornton,27/06/2024,04/07/2024,Paris,Munich,"austriac, pizza"
732,Kendall Hendricks,20/05/2024,02/06/2024,Barcelona,Lisbon,"mediterranean, japanese, asian"
733,Angela Rollins,17/05/2024,20/05/2024,Budapest,London,"italian, tapes, european"
734,Amira Finley,02/06/2024,06/06/2024,Florence,Barcelona,"barbaque, european, pizza"
735,Easton Santana,28/07/2024,09/08/2024,Amsterdam,Vienna,tapes
736,Tyree Navarro,01/05/2024,12/05/2024,Barcelona,Munich,"barbaque, austriac"
737,Kimora Parsons,27/12/2024,09/01/2025,Lisbon,Berlin,"mediterranean, spanish"
738,Darian Hester,24/09/2024,01/10/2024,Vienna,Barcelona,"asian, pasta, france"
739,Jorge Blair,26/08/2024,05/09/2024,London,Munich,"austriac, france"
740,Vaughn Cooke,08/11/2024,18/11/2024,Barcelona,Milan,"portuguese, asian, spanish"
741,Cadence Horne,27/04/2024,03/05/2024,Brussels,Paris,"asian, pizza, mediterranean"
742,Zaid Pineda,03/06/2024,11/06/2024,Dublin,Barcelona,"japanese, barbaque"
743,Gage Parks,23/08/2024,03/09/2024,Barcelona,Brussels,"pasta, pizza"
744,Marques Davis,02/12/2024,09/12/2024,Zurich,Paris,"sushi, barbaque, portuguese"
745,Maya Thornton,30/03/2024,13/04/2024,Barcelona,Dublin,latin
746,Trent Day,13/08/2024,27/08/2024,Vienna,Milan,"vegan, france, barbaque"
747,Khloe Castro,26/10/2024,02/11/2024,Milan,Barcelona,"barbaque, pasta, spanish"
748,Nola Jimenez,02/09/2024,06/09/2024,Prague,Amsterdam,"spanish, portuguese, austriac"
749,Giovanny Bradshaw,09/12/2024,20/12/2024,Lisbon,Madrid,pizza
750,Emerson Mann,18/09/2024,28/09/2024,Madrid,Milan,"portuguese, mexican"
751,Antonio Mitchell,02/10/2024,08/10/2024,London,Rome,"japanese, portuguese"
752,Ryder Booth,03/04/2024,13/04/2024,Barcelona,London,sushi
753,Lee Webster,14/12/2024,27/12/2024,Paris,Budapest,"vegan, asian, tapes"
754,Jamir Davenport,03/06/2024,12/06/2024,Amsterdam,Barcelona,mediterranean
755,Felicity Hodges,07/02/2024,10/02/2024,Munich,London,"pasta, mediterranean"
756,Jayvon Ford,05/01/2024,17/01/2024,Barcelona,Prague,european
757,Kenyon Zuniga,27/05/2024,30/05/2024,Brussels,Lisbon,"japanese, european"
758,Gary Coffey,03/01/2024,15/01/2024,Dublin,Berlin,"spanish, france, pizza"
759,Angelina Herrera,23/08/2024,06/09/2024,London,Vienna,"france, japanese"
760,Sebastian Hale,30/06/2024,14/07/2024,Milan,Paris,"pasta, tapes, mexican"
761,Samuel Hayden,10/02/2024,19/02/2024,Madrid,Zurich,"spanish, italian"
762,Henry Wiggins,14/02/2024,17/02/2024,Barcelona,Amsterdam,pasta
763,Cassie Browning,17/10/2024,23/10/2024,Paris,Munich,tapes
764,Karina Sparks,07/05/2024,20/05/2024,Barcelona,Lisbon,"sushi, latin"
765,Jean Coleman,29/07/2024,05/08/2024,Budapest,London,"sushi, latin"
766,Bryanna Dawson,26/11/2024,29/11/2024,Florence,Barcelona,"japanese, italian, france"
767,Aracely Garcia,22/08/2024,26/08/2024,Amsterdam,Vienna,"japanese, italian"
768,Genesis Fields,02/09/2024,15/09/2024,Barcelona,Munich,"sushi, mexican, portuguese"
769,Levi Underwood,23/06/2024,28/06/2024,Prague,Barcelona,sushi
770,Abagail Lucas,21/04/2024,24/04/2024,Lisbon,Berlin,italian
771,Layne Hess,10/06/2024,16/06/2024,Vienna,Barcelona,"sushi, vegan, asian"
772,Sophie Cunningham,03/09/2024,12/09/2024,London,Munich,"austriac, sushi, vegan"
773,Donald Rivera,08/08/2024,13/08/2024,Barcelona,Milan,"tapes, italian, asian"
774,Byron Hernandez,02/10/2024,13/10/2024,Brussels,Paris,"spanish, pasta, sushi"
775,Harper Wong,12/04/2024,25/04/2024,Dublin,Barcelona,"austriac, spanish, latin"
776,Campbell Russell,15/07/2024,22/07/2024,Barcelona,Brussels,"spanish, japanese"
777,Camryn Fitzgerald,07/11/2024,13/11/2024,Zurich,Paris,sushi
778,Rihanna Wells,25/11/2024,04/12/2024,Barcelona,Dublin,austriac
779,Adrien Henderson,03/09/2024,07/09/2024,Vienna,Milan,asian
780,Jameson Zuniga,07/03/2024,11/03/2024,Milan,Barcelona,"european, portuguese"
781,Tyrese Wilkinson,29/04/2024,07/05/2024,Prague,Amsterdam,"vegan, tapes"
782,Maren Roberson,28/11/2024,07/12/2024,Lisbon,Madrid,tapes
783,Aimee Huang,20/09/2024,26/09/2024,Madrid,Milan,"portuguese, vegan"
784,Nyasia Webb,22/04/2024,06/05/2024,London,Rome,"spanish, asian, pasta"
785,Kailee French,16/04/2024,23/04/2024,Barcelona,London,austriac
786,Scott Henry,08/02/2024,15/02/2024,Paris,Budapest,european
787,Felipe Graham,26/05/2024,01/06/2024,Amsterdam,Barcelona,japanese
788,Ashanti Jones,13/05/2024,20/05/2024,Munich,London,tapes
789,Derick Beck,23/03/2024,29/03/2024,Barcelona,Prague,asian
790,Amaris Wolfe,10/12/2024,24/12/2024,Brussels,Lisbon,"pasta, pizza, mediterranean"
791,Alisha Clements,17/09/2024,22/09/2024,Dublin,Berlin,latin
792,Khalil Kemp,10/06/2024,17/06/2024,Vienna,Barcelona,"mexican, asian"
793,Ariella Wilkins,02/01/2024,13/01/2024,Milan,Paris,"european, vegan, asian"
794,Dangelo Oconnell,24/02/2024,05/03/2024,Madrid,Zurich,"japanese, asian"
795,Giuliana Fields,04/04/2024,16/04/2024,Barcelona,Amsterdam,sushi
796,Aylin Johnston,28/10/2024,31/10/2024,Paris,Munich,spanish
797,Braeden Trujillo,14/10/2024,22/10/2024,Barcelona,Lisbon,"japanese, france"
798,Esteban Pace,27/09/2024,04/10/2024,Budapest,London,"mediterranean, vegan, tapes"
799,Maverick Fry,26/01/2024,01/02/2024,Florence,Barcelona,"vegan, asian, european"
800,Chana Mccormick,21/11/2024,30/11/2024,Amsterdam,Vienna,"japanese, vegan, asian"
801,Belinda Camacho,03/01/2024,12/01/2024,Barcelona,Munich,"mexican, portuguese"
802,Lucian Johns,09/12/2024,20/12/2024,Prague,Barcelona,"japanese, latin, italian"
803,Arnav Dodson,19/06/2024,26/06/2024,Lisbon,Berlin,"asian, spanish, portuguese"
804,Aldo Hester,17/05/2024,29/05/2024,Vienna,Barcelona,"mexican, vegan, asian"
805,Lilian Lynch,13/07/2024,25/07/2024,London,Munich,"barbaque, spanish"
806,Walter Krueger,30/06/2024,09/07/2024,Barcelona,Milan,tapes
807,Asher Holmes,21/12/2024,27/12/2024,Brussels,Paris,"spanish, japanese"
808,Paloma Pruitt,22/06/2024,25/06/2024,Dublin,Barcelona,"pizza, asian, mexican"
809,Naomi Warren,16/11/2024,22/11/2024,Barcelona,Brussels,japanese
810,Mila Mckee,11/10/2024,21/10/2024,Zurich,Paris,"pizza, european, france"
811,Arabella Hogan,31/05/2024,08/06/2024,Barcelona,Dublin,"italian, mediterranean, japanese"
812,Lorenzo Silva,06/03/2024,13/03/2024,Vienna,Milan,"tapes, pasta, italian"
813,Levi Martinez,17/02/2024,20/02/2024,Milan,Barcelona,"austriac, japanese"
814,Camren Soto,07/01/2024,18/01/2024,Prague,Amsterdam,"tapes, spanish"
815,Jazlyn Hess,11/07/2024,16/07/2024,Lisbon,Madrid,austriac
816,Beckham Suarez,14/04/2024,17/04/2024,Madrid,Milan,vegan
817,Gauge Cervantes,20/02/2024,24/02/2024,London,Rome,"pizza, asian, pasta"
818,Maddox Perry,16/08/2024,25/08/2024,Barcelona,London,mexican
819,Jaliyah Mendez,29/08/2024,07/09/2024,Paris,Budapest,latin
820,Jovani Boyle,13/12/2024,21/12/2024,Amsterdam,Barcelona,"barbaque, mediterranean, vegan"
821,Angel Blevins,10/04/2024,19/04/2024,Munich,London,pasta
822,Iris Oconnor,20/11/2024,23/11/2024,Barcelona,Prague,"pasta, mediterranean"
823,Penelope Bradford,26/05/2024,08/06/2024,Brussels,Lisbon,"mediterranean, european, asian"
824,Chloe Kaufman,16/04/2024,19/04/2024,Dublin,Berlin,european
825,Daniel Hays,19/02/2024,27/02/2024,Vienna,Barcelona,japanese
826,Rebecca Zimmerman,21/08/2024,27/08/2024,London,Vienna,"latin, austriac"
827,Lilly Buck,16/03/2024,26/03/2024,Madrid,Zurich,"mexican, mediterranean"
828,Lukas Schmidt,22/07/2024,02/08/2024,Barcelona,Amsterdam,"barbaque, tapes"
829,Emilia Kidd,19/04/2024,24/04/2024,Paris,Munich,"mexican, japanese"
830,Giuliana Woodard,09/05/2024,20/05/2024,Barcelona,Lisbon,"pasta, austriac, mexican"
831,Macie Lewis,10/07/2024,18/07/2024,Budapest,London,barbaque
832,Isabela Ellison,13/07/2024,16/07/2024,Florence,Barcelona,"barbaque, spanish, pizza"
833,Taryn Harrington,30/05/2024,05/06/2024,Amsterdam,Vienna,"tapes, france, barbaque"
834,Nathalia Stokes,14/12/2024,22/12/2024,Barcelona,Munich,pasta
835,Yadira Huffman,26/02/2024,11/03/2024,Prague,Barcelona,"latin, japanese"
836,Jack Flynn,26/06/2024,05/07/2024,Lisbon,Berlin,"european, portuguese, spanish"
837,Colt Farrell,31/08/2024,04/09/2024,Vienna,Barcelona,"france, pizza, sushi"
838,Jaelynn Thompson,28/01/2024,10/02/2024,London,Munich,mexican
839,Mateo Brooks,21/01/2024,28/01/2024,Barcelona,Milan,asian
840,Malia Smith,05/08/2024,11/08/2024,Brussels,Paris,"asian, sushi"
841,Jamari Gilbert,14/12/2024,28/12/2024,Dublin,Barcelona,"mediterranean, spanish, mexican"
842,Trevon Ritter,10/12/2024,22/12/2024,Barcelona,Brussels,"latin, austriac"
843,Rohan Kelly,26/02/2024,01/03/2024,Zurich,Paris,"vegan, pasta"
844,Kyan Wall,17/01/2024,25/01/2024,Barcelona,Dublin,"pasta, vegan"
845,Destiney Schneider,04/11/2024,17/11/2024,Vienna,Milan,"asian, mexican, austriac"
846,Felicity Rosales,31/12/2024,13/01/2025,Milan,Barcelona,"tapes, spanish, vegan"
847,Jaliyah Riley,17/03/2024,29/03/2024,Prague,Amsterdam,"latin, pizza"
848,Jorge Fisher,30/03/2024,04/04/2024,Lisbon,Madrid,"pizza, mediterranean, italian"
849,Taylor Barnes,03/11/2024,12/11/2024,Madrid,Milan,"sushi, austriac, tapes"
850,Octavio Walter,25/05/2024,08/06/2024,London,Rome,"mediterranean, austriac, france"
851,Kelvin Blackburn,02/04/2024,07/04/2024,Barcelona,London,"pizza, pasta"
852,Jamarcus Wilkins,28/03/2024,03/04/2024,Paris,Budapest,"pasta, italian"
853,Trace Weber,17/03/2024,22/03/2024,Amsterdam,Barcelona,"vegan, pizza, mexican"
854,Owen Kerr,16/01/2024,23/01/2024,Munich,London,"austriac, portuguese"
855,Trinity Abbott,08/08/2024,13/08/2024,Barcelona,Prague,"mediterranean, pasta, barbaque"
856,Justine Patterson,30/05/2024,08/06/2024,Brussels,Lisbon,"asian, barbaque, france"
857,Cara Steele,24/02/2024,05/03/2024,Dublin,Berlin,pizza
858,Tristen Delacruz,22/05/2024,02/06/2024,Vienna,Barcelona,"pasta, portuguese, latin"
859,Leroy Acevedo,14/01/2024,19/01/2024,London,Vienna,tapes
860,London Chen,04/09/2024,09/09/2024,Milan,Paris,"barbaque, european, pizza"
861,Alan Whitaker,05/12/2024,10/12/2024,Barcelona,Amsterdam,"tapes, mexican"
862,Cristofer Benitez,12/05/2024,22/05/2024,Paris,Munich,"sushi, vegan"
863,Natalia Valdez,22/03/2024,03/04/2024,Barcelona,Lisbon,"pizza, austriac, france"
864,Gillian Arellano,24/11/2024,01/12/2024,Budapest,London,"mexican, japanese, sushi"
865,Simon Best,10/02/2024,14/02/2024,Florence,Barcelona,barbaque
866,Braylon Salas,05/10/2024,16/10/2024,Amsterdam,Vienna,"pasta, mediterranean, sushi"
867,Ryker Landry,10/03/2024,15/03/2024,Barcelona,Munich,"pizza, pasta, tapes"
868,Paityn White,11/01/2024,18/01/2024,Prague,Barcelona,"mexican, portuguese"
869,Kendall Shaffer,03/01/2024,13/01/2024,Lisbon,Berlin,france
870,Wesley Fischer,15/05/2024,24/05/2024,Vienna,Barcelona,"asian, pizza"
871,Lara Juarez,01/03/2024,09/03/2024,London,Munich,mediterranean
872,Makayla Meza,05/07/2024,18/07/2024,Barcelona,Milan,spanish
873,Cali Yates,03/12/2024,11/12/2024,Brussels,Paris,italian
874,Juliet Wiggins,19/06/2024,01/07/2024,Dublin,Barcelona,"latin, italian, barbaque"
875,Evan Brady,02/11/2024,15/11/2024,Barcelona,Brussels,"france, vegan, mexican"
876,Hugo Whitehead,18/10/2024,26/10/2024,Zurich,Paris,"latin, asian, pizza"
877,Quinton Evans,26/12/2024,02/01/2025,Barcelona,Dublin,"japanese, pizza, spanish"
878,Amber Huff,18/10/2024,23/10/2024,Vienna,Milan,"france, austriac, portuguese"
879,Jaiden Levine,30/09/2024,03/10/2024,Milan,Barcelona,"asian, mexican, pasta"
880,Jair Gamble,29/06/2024,05/07/2024,Prague,Amsterdam,"european, spanish, vegan"
881,Karley Griffin,22/09/2024,28/09/2024,Lisbon,Madrid,"latin, france, pizza"
882,Faith Mccann,06/04/2024,14/04/2024,Madrid,Milan,"barbaque, pasta, european"
883,Michelle Wade,26/04/2024,04/05/2024,London,Rome,asian
884,Rayne Bates,15/06/2024,26/06/2024,Barcelona,London,"france, tapes"
885,Alvin Schmitt,28/11/2024,09/12/2024,Paris,Budapest,"mexican, sushi"
886,Jaylyn Kennedy,27/05/2024,30/05/2024,Amsterdam,Barcelona,tapes
887,Jocelynn Williams,01/09/2024,08/09/2024,Munich,London,"japanese, sushi, portuguese"
888,Oliver Branch,09/06/2024,19/06/2024,Barcelona,Prague,sushi
889,Emerson Brady,27/07/2024,07/08/2024,Brussels,Lisbon,"mediterranean, sushi"
890,Elena Benson,10/06/2024,19/06/2024,Dublin,Berlin,"barbaque, latin, austriac"
891,Diego Lynn,08/04/2024,15/04/2024,Vienna,Barcelona,"latin, france, austriac"
892,Dario Hensley,28/03/2024,05/04/2024,London,Vienna,"italian, barbaque, mediterranean"
893,Deja Mata,22/07/2024,26/07/2024,Milan,Paris,"vegan, pizza"
894,Sean Pitts,26/03/2024,08/04/2024,Madrid,Zurich,"pasta, latin"
895,Patricia Ortega,06/04/2024,12/04/2024,Paris,Munich,"austriac, portuguese, latin"
896,Arthur Brewer,04/02/2024,09/02/2024,Barcelona,Lisbon,"sushi, vegan"
897,Enrique Christian,16/06/2024,23/06/2024,Budapest,London,pizza
898,Jesse Tapia,30/07/2024,03/08/2024,Florence,Barcelona,"italian, portuguese"
899,Braylon Malone,10/02/2024,24/02/2024,Amsterdam,Vienna,"france, mediterranean"
900,Duncan Henson,10/02/2024,16/02/2024,Barcelona,Munich,european
901,Damari Roy,15/02/2024,26/02/2024,Prague,Barcelona,"spanish, france"
902,Nathan Conway,14/06/2024,24/06/2024,Lisbon,Berlin,tapes
903,Daphne Mendez,15/02/2024,25/02/2024,Vienna,Barcelona,"mediterranean, italian, sushi"
904,Madisyn Patrick,11/09/2024,22/09/2024,London,Munich,asian
905,Bailey Cisneros,03/10/2024,11/10/2024,Barcelona,Milan,"portuguese, spanish, pizza"
906,Janiya Riley,24/07/2024,02/08/2024,Brussels,Paris,vegan
907,Saul Castillo,23/05/2024,01/06/2024,Dublin,Barcelona,mediterranean
908,Maribel Brewer,17/09/2024,21/09/2024,Barcelona,Brussels,"tapes, spanish, pasta"
909,Andreas Ward,07/10/2024,12/10/2024,Zurich,Paris,vegan
910,Claudia Pitts,17/02/2024,26/02/2024,Barcelona,Dublin,tapes
911,Brock Bender,07/07/2024,16/07/2024,Vienna,Milan,"latin, pizza"
912,Juliana Gregory,07/10/2024,17/10/2024,Milan,Barcelona,"european, mexican"
913,Elisabeth Cochran,26/07/2024,05/08/2024,Prague,Amsterdam,"pizza, pasta, asian"
914,Cynthia Bentley,20/04/2024,27/04/2024,Lisbon,Madrid,"japanese, mediterranean, sushi"
915,Tobias Young,09/07/2024,20/07/2024,Madrid,Milan,"france, vegan"
916,Izabella Rowe,19/04/2024,23/04/2024,London,Rome,"austriac, tapes, asian"
917,Cassandra Sims,21/09/2024,30/09/2024,Barcelona,London,"barbaque, vegan"
918,Jovanni Ramirez,08/08/2024,18/08/2024,Paris,Budapest,latin
919,Amaya Bruce,05/06/2024,10/06/2024,Amsterdam,Barcelona,"spanish, asian, austriac"
920,Destinee Ruiz,12/07/2024,23/07/2024,Munich,London,"austriac, pasta, vegan"
921,Rhys Fuller,02/11/2024,10/11/2024,Barcelona,Prague,austriac
922,Addison Cisneros,06/12/2024,20/12/2024,Brussels,Lisbon,sushi
923,Gaven Pace,06/11/2024,20/11/2024,Dublin,Berlin,pizza
924,Amira Collins,23/12/2024,01/01/2025,Vienna,Barcelona,pasta
925,Cortez Kirby,19/12/2024,27/12/2024,London,Vienna,"european, spanish"
926,Davon Davenport,17/03/2024,20/03/2024,Milan,Paris,"latin, mediterranean"
927,Serena Pena,19/03/2024,23/03/2024,Madrid,Zurich,"barbaque, vegan, portuguese"
928,Jenna Garcia,08/05/2024,17/05/2024,Barcelona,Amsterdam,"pasta, italian, european"
929,Alejandra Russell,29/04/2024,06/05/2024,Paris,Munich,asian
930,Reese Rivera,14/05/2024,21/05/2024,Barcelona,Lisbon,"japanese, european"
931,Alexzander Riddle,10/03/2024,22/03/2024,Budapest,London,mediterranean
932,Gillian Khan,06/10/2024,15/10/2024,Florence,Barcelona,asian
933,Isabelle Pennington,15/07/2024,19/07/2024,Amsterdam,Vienna,pizza
934,Meadow Duke,19/07/2024,27/07/2024,Barcelona,Munich,vegan
935,Kole Hutchinson,02/02/2024,05/02/2024,Prague,Barcelona,"italian, japanese"
936,Paloma Hancock,11/11/2024,23/11/2024,Lisbon,Berlin,austriac
937,Brent Mills,09/09/2024,22/09/2024,Vienna,Barcelona,"japanese, mediterranean"
938,Uriah Powell,31/07/2024,09/08/2024,London,Munich,"spanish, european, tapes"
939,Myles Bush,02/03/2024,11/03/2024,Barcelona,Milan,sushi
